{"cameraMode":{"drawMode":0,"name":"Shaded","section":"Shading Mode"},"sceneLighting":false,"audioPlay":false,"sceneViewState":{"m_AlwaysRefresh":false,"showFog":true,"showSkybox":false,"showFlares":true,"showImageEffects":true,"showParticleSystems":true,"showVisualEffectGraphs":true,"m_FxEnabled":true},"in2DMode":false,"pivot":{"x":554.8922119140625,"y":1787.0125732421875,"z":-3144.6826171875},"rotation":{"x":0.0011909878812730313,"y":-0.005084984935820103,"z":0.000008899480235413648,"w":-1.000011920928955},"size":122.92166137695313,"orthographic":false}