{"cameraMode":{"drawMode":0,"name":"Shaded","section":"Shading Mode"},"sceneLighting":true,"audioPlay":false,"sceneViewState":{"m_AlwaysRefresh":false,"showFog":true,"showSkybox":true,"showFlares":true,"showImageEffects":true,"showParticleSystems":true,"showVisualEffectGraphs":true,"m_FxEnabled":true},"in2DMode":false,"pivot":{"x":339.22857666015627,"y":253.27093505859376,"z":-0.3387451171875},"rotation":{"x":-0.027305811643600465,"y":-0.0020845229737460615,"z":0.00007008293323451653,"w":-0.9996339082717896},"size":227.54302978515626,"orthographic":false}