{"cameraMode":{"drawMode":0,"name":"Shaded","section":"Shading Mode"},"sceneLighting":true,"audioPlay":false,"sceneViewState":{"m_AlwaysRefresh":false,"showFog":true,"showSkybox":true,"showFlares":true,"showImageEffects":true,"showParticleSystems":true,"showVisualEffectGraphs":true,"m_FxEnabled":true},"in2DMode":false,"pivot":{"x":479.6861572265625,"y":1480.7354736328125,"z":800.3763427734375},"rotation":{"x":-0.013807757757604123,"y":0.01291306596249342,"z":-0.0001651860511628911,"w":-0.9998304843902588},"size":703.6597900390625,"orthographic":false}