{"cameraMode":{"drawMode":0,"name":"Shaded","section":"Shading Mode"},"sceneLighting":true,"audioPlay":false,"sceneViewState":{"m_AlwaysRefresh":false,"showFog":true,"showSkybox":true,"showFlares":true,"showImageEffects":true,"showParticleSystems":true,"showVisualEffectGraphs":true,"m_FxEnabled":true},"in2DMode":false,"pivot":{"x":1508.2825927734375,"y":1613.2391357421875,"z":708.336181640625},"rotation":{"x":-0.013807757757604123,"y":0.01291306596249342,"z":-0.0001651860511628911,"w":-0.9998304843902588},"size":1182.8447265625,"orthographic":false}